time,x,v,u
0.000000000000e+00,1.000000000000e+00,0.000000000000e+00,0.000000000000e+00
2.000000000000e-02,9.998013379924e-01,-1.979907701766e-02,1.399954267115e-02
4.000000000000e-02,9.992107400748e-01,-3.919269916079e-02,2.799634147675e-02
6.000000000000e-02,9.982363680248e-01,-5.817563999993e-02,4.198765308905e-02
8.000000000000e-02,9.968864856521e-01,-7.674292283620e-02,5.597073525576e-02
1.000000000000e-01,9.951694537991e-01,-9.488982116516e-02,6.994284733753e-02
1.200000000000e-01,9.930937253332e-01,-1.126118590276e-01,8.390125084514e-02
1.400000000000e-01,9.906678401338e-01,-1.299048112473e-01,9.784320997618e-02
1.600000000000e-01,9.879004200745e-01,-1.467647035573e-01,1.117659921513e-01
1.800000000000e-01,9.848001640050e-01,-1.631878126136e-01,1.256668685497e-01
2.000000000000e-01,9.813758427337e-01,-1.791706658992e-01,1.395431146442e-01
2.200000000000e-01,9.776362940121e-01,-1.947100415174e-01,1.533920107350e-01
2.400000000000e-01,9.735904175266e-01,-2.098029678755e-01,1.672108424827e-01
2.600000000000e-01,9.692471698954e-01,-2.244467232610e-01,1.809969014406e-01
2.800000000000e-01,9.646155596767e-01,-2.386388353086e-01,1.947474855852e-01
3.000000000000e-01,9.597046423877e-01,-2.523770803619e-01,2.084598998461e-01
3.200000000000e-01,9.545235155379e-01,-2.656594827279e-01,2.221314566340e-01
3.400000000000e-01,9.490813136779e-01,-2.784843138276e-01,2.357594763675e-01
3.600000000000e-01,9.433872034665e-01,-2.908500912419e-01,2.493412879983e-01
3.800000000000e-01,9.374503787582e-01,-3.027555776548e-01,2.628742295349e-01
4.000000000000e-01,9.312800557123e-01,-3.141997796951e-01,2.763556485641e-01
4.200000000000e-01,9.248854679264e-01,-3.251819466768e-01,2.897829027709e-01
4.400000000000e-01,9.182758615963e-01,-3.357015692405e-01,3.031533604564e-01
4.600000000000e-01,9.114604907039e-01,-3.457583778956e-01,3.164644010537e-01
4.800000000000e-01,9.044486122347e-01,-3.553523414664e-01,3.297134156416e-01
5.000000000000e-01,8.972494814288e-01,-3.644836654408e-01,3.428978074555e-01
5.200000000000e-01,8.898723470638e-01,-3.731527902261e-01,3.560149923968e-01
5.400000000000e-01,8.823264467757e-01,-3.813603893097e-01,3.690623995394e-01
5.600000000000e-01,8.746210024156e-01,-3.891073673288e-01,3.820374716331e-01
5.800000000000e-01,8.667652154473e-01,-3.963948580493e-01,3.949376656054e-01
6.000000000000e-01,8.587682623855e-01,-4.032242222552e-01,4.077604530596e-01
6.200000000000e-01,8.506392902772e-01,-4.095970455504e-01,4.205033207703e-01
6.400000000000e-01,8.423874122282e-01,-4.155151360741e-01,4.331637711763e-01
6.600000000000e-01,8.340217029759e-01,-4.209805221309e-01,4.457393228699e-01
6.800000000000e-01,8.255511945100e-01,-4.259954497388e-01,4.582275110832e-01
7.000000000000e-01,8.169848717441e-01,-4.305623800936e-01,4.706258881712e-01
7.200000000000e-01,8.083316682377e-01,-4.346839869545e-01,4.829320240917e-01
7.400000000000e-01,7.996004619719e-01,-4.383631539506e-01,4.951435068815e-01
7.600000000000e-01,7.908000711795e-01,-4.416029718098e-01,5.072579431291e-01
7.800000000000e-01,7.819392502314e-01,-4.444067355133e-01,5.192729584438e-01
8.000000000000e-01,7.730266855806e-01,-4.467779413755e-01,5.311861979209e-01
8.200000000000e-01,7.640709917656e-01,-4.487202840523e-01,5.429953266037e-01
8.400000000000e-01,7.550807074733e-01,-4.502376534789e-01,5.546980299408e-01
8.600000000000e-01,7.460642916658e-01,-4.513341317390e-01,5.662920142398e-01
8.800000000000e-01,7.370301197680e-01,-4.520139898669e-01,5.777750071169e-01
9.000000000000e-01,7.279864799223e-01,-4.522816845848e-01,5.891447579423e-01
9.200000000000e-01,7.189415693069e-01,-4.521418549764e-01,6.003990382811e-01
9.400000000000e-01,7.099034905234e-01,-4.515993190993e-01,6.115356423305e-01
9.600000000000e-01,7.008802480510e-01,-4.506590705369e-01,6.225523873517e-01
9.800000000000e-01,6.918797447709e-01,-4.493262748935e-01,6.334471140979e-01
1.000000000000e+00,6.829097785619e-01,-4.476062662321e-01,6.442176872377e-01
1.020000000000e+00,6.739780389672e-01,-4.455045434588e-01,6.548619957731e-01
1.040000000000e+00,6.650921039335e-01,-4.430267666543e-01,6.653779534537e-01
1.060000000000e+00,6.562594366254e-01,-4.401787533550e-01,6.757634991856e-01
1.080000000000e+00,6.474873823137e-01,-4.369664747857e-01,6.860165974350e-01
1.100000000000e+00,6.387831653392e-01,-4.333960520449e-01,6.961352386274e-01
1.120000000000e+00,6.301538861545e-01,-4.294737522461e-01,7.061174395415e-01
1.140000000000e+00,6.216065184418e-01,-4.252059846156e-01,7.159612436981e-01
1.160000000000e+00,6.131479063110e-01,-4.205992965494e-01,7.256647217428e-01
1.180000000000e+00,6.047847615752e-01,-4.156603696306e-01,7.352259718252e-01
1.200000000000e+00,5.965236611074e-01,-4.103960156107e-01,7.446431199709e-01
1.220000000000e+00,5.883710442779e-01,-4.048131723544e-01,7.539143204488e-01
1.240000000000e+00,5.803332104725e-01,-3.989188997521e-01,7.630377561334e-01
1.260000000000e+00,5.724163166930e-01,-3.927203756001e-01,7.720116388606e-01
1.280000000000e+00,5.646263752412e-01,-3.862248914524e-01,7.808342097780e-01
1.300000000000e+00,5.569692514847e-01,-3.794398484439e-01,7.895037396900e-01
1.320000000000e+00,5.494506617077e-01,-3.723727530894e-01,7.980185293964e-01
1.340000000000e+00,5.420761710455e-01,-3.650312130575e-01,8.063769100258e-01
1.360000000000e+00,5.348511915039e-01,-3.574229329243e-01,8.145772433623e-01
1.380000000000e+00,5.277809800634e-01,-3.495557099061e-01,8.226179221668e-01
1.400000000000e+00,5.208706368698e-01,-3.414374295755e-01,8.304973704920e-01
1.420000000000e+00,5.141251035096e-01,-3.330760615609e-01,8.382140439912e-01
1.440000000000e+00,5.075491613720e-01,-3.244796552324e-01,8.457664302213e-01
1.460000000000e+00,5.011474300976e-01,-3.156563353753e-01,8.531530489386e-01
1.480000000000e+00,4.949243661130e-01,-3.066142978548e-01,8.603724523895e-01
1.500000000000e+00,4.888842612532e-01,-2.973618052708e-01,8.674232255940e-01
1.520000000000e+00,4.830312414699e-01,-2.879071826078e-01,8.743039866232e-01
1.540000000000e+00,4.773692656277e-01,-2.782588128801e-01,8.810133868700e-01
1.560000000000e+00,4.719021243867e-01,-2.684251327746e-01,8.875501113134e-01
1.580000000000e+00,4.666334391732e-01,-2.584146282926e-01,8.939128787762e-01
1.600000000000e+00,4.615666612363e-01,-2.482358303937e-01,9.001004421765e-01
1.620000000000e+00,4.567050707928e-01,-2.378973106426e-01,9.061115887716e-01
1.640000000000e+00,4.520517762584e-01,-2.274076768604e-01,9.119451403961e-01
1.660000000000e+00,4.476097135658e-01,-2.167755687836e-01,9.175999536925e-01
1.680000000000e+00,4.433816455701e-01,-2.060096537315e-01,9.230749203355e-01
1.700000000000e+00,4.393701615402e-01,-1.951186222838e-01,9.283689672492e-01
1.720000000000e+00,4.355776767368e-01,-1.841111839709e-01,9.334810568172e-01
1.740000000000e+00,4.320064320760e-01,-1.729960629782e-01,9.384101870865e-01
1.760000000000e+00,4.286584938798e-01,-1.617819938663e-01,9.431553919633e-01
1.780000000000e+00,4.255357537102e-01,-1.504777173087e-01,9.477157414026e-01
1.800000000000e+00,4.226399282905e-01,-1.390919758490e-01,9.520903415905e-01
1.820000000000e+00,4.199725595094e-01,-1.276335096788e-01,9.562783351194e-01
1.840000000000e+00,4.175350145101e-01,-1.161110524391e-01,9.602789011560e-01
1.860000000000e+00,4.153284858637e-01,-1.045333270454e-01,9.640912556020e-01
1.880000000000e+00,4.133539918245e-01,-9.290904153952e-02,9.677146512484e-01
1.900000000000e+00,4.116123766693e-01,-8.124688496852e-02,9.711483779210e-01
1.920000000000e+00,4.101043111179e-01,-6.955552329362e-02,9.743917626206e-01
1.940000000000e+00,4.088302928356e-01,-5.784359532978e-02,9.774441696540e-01
1.960000000000e+00,4.077906470164e-01,-4.611970871789e-02,9.803050007592e-01
1.980000000000e+00,4.069855270468e-01,-3.439243593108e-02,9.829736952226e-01
2.000000000000e+00,4.064149152482e-01,-2.267031031671e-02,9.854497299885e-01
2.020000000000e+00,4.060786236992e-01,-1.096182217545e-02,9.877326197620e-01
2.040000000000e+00,4.059762951352e-01,7.245851208631e-04,9.898219171041e-01
2.060000000000e+00,4.061074039255e-01,1.238051897143e-02,9.917172125192e-01
2.080000000000e+00,4.064712571267e-01,2.399764134695e-02,9.934181345355e-01
2.100000000000e+00,4.070669956122e-01,3.556767254726e-02,9.949243497776e-01
2.120000000000e+00,4.078935952753e-01,4.708239491453e-02,9.962355630322e-01
2.140000000000e+00,4.089498683073e-01,5.853365650074e-02,9.973515173057e-01
2.160000000000e+00,4.102344645480e-01,6.991337468811e-02,9.982719938747e-01
2.180000000000e+00,4.117458729076e-01,8.121353976119e-02,9.989968123286e-01
2.200000000000e+00,4.134824228609e-01,9.242621842918e-02,9.995258306055e-01
2.220000000000e+00,4.154422860096e-01,1.035435572975e-01,9.998589450193e-01
2.240000000000e+00,4.176234777154e-01,1.145577862869e-01,9.999960902808e-01
2.260000000000e+00,4.200238587994e-01,1.254612219998e-01,9.999372395098e-01
2.280000000000e+00,4.226411373094e-01,1.362462710314e-01,9.996824042411e-01
2.300000000000e+00,4.254728703520e-01,1.469054332255e-01,9.992316344214e-01
2.320000000000e+00,4.285164659902e-01,1.574313048737e-01,9.985850184002e-01
2.340000000000e+00,4.317691852031e-01,1.678165818565e-01,9.977426829122e-01
2.360000000000e+00,4.352281439094e-01,1.780540627253e-01,9.967047930524e-01
2.380000000000e+00,4.388903150506e-01,1.881366517246e-01,9.954715522440e-01
2.400000000000e+00,4.427525307348e-01,1.980573617539e-01,9.940432021981e-01
2.420000000000e+00,4.468114844388e-01,2.078093172663e-01,9.924200228668e-01
2.440000000000e+00,4.510637332678e-01,2.173857571055e-01,9.906023323881e-01
2.460000000000e+00,4.555057002707e-01,2.267800372785e-01,9.885904870235e-01
2.480000000000e+00,4.601336768111e-01,2.359856336639e-01,9.863848810882e-01
2.500000000000e+00,4.649438249909e-01,2.449961446541e-01,9.839859468739e-01
2.520000000000e+00,4.699321801262e-01,2.538052937323e-01,9.813941545641e-01
2.540000000000e+00,4.750946532751e-01,2.624069319815e-01,9.786100121418e-01
2.560000000000e+00,4.804270338135e-01,2.707950405261e-01,9.756340652899e-01
2.580000000000e+00,4.859249920599e-01,2.789637329049e-01,9.724668972845e-01
2.600000000000e+00,4.915840819474e-01,2.869072573749e-01,9.691091288805e-01
2.620000000000e+00,4.973997437397e-01,2.946199991454e-01,9.655614181895e-01
2.640000000000e+00,5.033673067925e-01,3.020964825411e-01,9.618244605517e-01
2.660000000000e+00,5.094819923565e-01,3.093313730951e-01,9.578989883987e-01
2.680000000000e+00,5.157389164223e-01,3.163194795691e-01,9.537857711106e-01
2.700000000000e+00,5.221330926040e-01,3.230557559022e-01,9.494856148646e-01
2.720000000000e+00,5.286594350621e-01,3.295353030873e-01,9.449993624778e-01
2.740000000000e+00,5.353127614627e-01,3.357533709733e-01,9.403278932411e-01
2.760000000000e+00,5.420877959718e-01,3.417053599954e-01,9.354721227476e-01
2.780000000000e+00,5.489791722837e-01,3.473868228296e-01,9.304330027129e-01
2.800000000000e+00,5.559814366821e-01,3.527934659750e-01,9.252115207882e-01
2.820000000000e+00,5.630890511314e-01,3.579211512597e-01,9.198087003673e-01
2.840000000000e+00,5.702963963978e-01,3.627658972726e-01,9.142256003857e-01
2.860000000000e+00,5.775977751983e-01,3.673238807205e-01,9.084633151132e-01
2.880000000000e+00,5.849874153761e-01,3.715914377090e-01,9.025229739392e-01
2.900000000000e+00,5.924594731005e-01,3.755650649482e-01,8.964057411516e-01
2.920000000000e+00,6.000080360904e-01,3.792414208826e-01,8.901128157083e-01
2.940000000000e+00,6.076271268598e-01,3.826173267450e-01,8.836454310028e-01
2.960000000000e+00,6.153107059838e-01,3.856897675352e-01,8.770048546215e-01
2.980000000000e+00,6.230526753824e-01,3.884558929212e-01,8.701923880964e-01
3.000000000000e+00,6.308468816225e-01,3.909130180656e-01,8.632093666489e-01
3.020000000000e+00,6.386871192360e-01,3.930586243754e-01,8.560571589289e-01
3.040000000000e+00,6.465671340505e-01,3.948903601757e-01,8.487371667464e-01
3.060000000000e+00,6.544806265346e-01,3.964060413076e-01,8.412508247962e-01
3.080000000000e+00,6.624212551535e-01,3.976036516499e-01,8.335996003774e-01
3.100000000000e+00,6.703826397336e-01,3.984813435651e-01,8.257849931056e-01
3.120000000000e+00,6.783583648371e-01,3.990374382700e-01,8.178085346187e-01
3.140000000000e+00,6.863419831412e-01,3.992704261307e-01,8.096717882772e-01
3.160000000000e+00,6.943270188240e-01,3.991789668817e-01,8.013763488571e-01
3.180000000000e+00,7.023069709531e-01,3.987618897711e-01,7.929238422381e-01
3.200000000000e+00,7.102753168771e-01,3.980181936303e-01,7.843159250844e-01
3.220000000000e+00,7.182255156168e-01,3.969470468692e-01,7.755542845203e-01
3.240000000000e+00,7.261510112566e-01,3.955477873976e-01,7.666406377991e-01
3.260000000000e+00,7.340452363326e-01,3.938199224729e-01,7.575767319673e-01
3.280000000000e+00,7.419016152181e-01,3.917631284737e-01,7.483643435212e-01
3.300000000000e+00,7.497135675025e-01,3.893772506016e-01,7.390052780595e-01
3.320000000000e+00,7.574745113645e-01,3.866623025091e-01,7.295013699291e-01
3.340000000000e+00,7.651778669366e-01,3.836184658566e-01,7.198544818655e-01
3.360000000000e+00,7.728170596604e-01,3.802460897972e-01,7.100665046280e-01
3.380000000000e+00,7.803855236310e-01,3.765456903905e-01,7.001393566287e-01
3.400000000000e+00,7.878767049278e-01,3.725179499461e-01,6.900749835569e-01
3.420000000000e+00,7.952840649332e-01,3.681637162971e-01,6.798753579975e-01
3.440000000000e+00,8.026010836350e-01,3.634840020042e-01,6.695424790444e-01
3.460000000000e+00,8.098212629121e-01,3.584799834913e-01,6.590783719088e-01
3.480000000000e+00,8.169381298029e-01,3.531530001127e-01,6.484850875222e-01
3.500000000000e+00,8.239452397541e-01,3.475045531533e-01,6.377647021345e-01
3.520000000000e+00,8.308361798482e-01,3.415363047622e-01,6.269193169068e-01
3.540000000000e+00,8.376045720102e-01,3.352500768199e-01,6.159510575000e-01
3.560000000000e+00,8.442440761901e-01,3.286478497404e-01,6.048620736578e-01
3.580000000000e+00,8.507483935210e-01,3.217317612098e-01,5.936545387855e-01
3.600000000000e+00,8.571112694513e-01,3.145041048598e-01,5.823306495241e-01
3.620000000000e+00,8.633264968503e-01,3.069673288797e-01,5.708926253196e-01
3.640000000000e+00,8.693879190842e-01,2.991240345656e-01,5.593427079881e-01
3.660000000000e+00,8.752894330641e-01,2.909769748089e-01,5.476831612765e-01
3.680000000000e+00,8.810249922614e-01,2.825290525246e-01,5.359162704186e-01
3.700000000000e+00,8.865886096929e-01,2.737833190199e-01,5.240443416873e-01
3.720000000000e+00,8.919743608710e-01,2.647429723051e-01,5.120697019427e-01
3.740000000000e+00,8.971763867213e-01,2.554113553463e-01,4.999946981757e-01
3.760000000000e+00,9.021888964630e-01,2.457919542621e-01,4.878216970486e-01
3.780000000000e+00,9.070061704537e-01,2.358883964645e-01,4.755530844306e-01
3.800000000000e+00,9.116225629964e-01,2.257044487455e-01,4.631912649303e-01
3.820000000000e+00,9.160325051075e-01,2.152440153103e-01,4.507386614250e-01
3.840000000000e+00,9.202305072446e-01,2.045111357576e-01,4.381977145850e-01
3.860000000000e+00,9.242111619942e-01,1.935099830090e-01,4.255708823957e-01
3.880000000000e+00,9.279691467167e-01,1.822448611873e-01,4.128606396759e-01
3.900000000000e+00,9.314992261489e-01,1.707202034468e-01,4.000694775924e-01
3.920000000000e+00,9.347962549628e-01,1.589405697540e-01,3.871999031721e-01
3.940000000000e+00,9.378551802787e-01,1.469106446219e-01,3.742544388102e-01
3.960000000000e+00,9.406710441335e-01,1.346352347989e-01,3.612356217765e-01
3.980000000000e+00,9.432389859019e-01,1.221192669117e-01,3.481460037173e-01
4.000000000000e+00,9.455542446699e-01,1.093677850655e-01,3.349881501559e-01
4.020000000000e+00,9.476121615601e-01,9.638594840141e-02,3.217646399895e-01
4.040000000000e+00,9.494081820075e-01,8.317902861228e-02,3.084780649837e-01
4.060000000000e+00,9.509378579856e-01,6.975240741891e-02,2.951310292647e-01
4.080000000000e+00,9.521968501812e-01,5.611157400689e-02,2.817261488088e-01
4.100000000000e+00,9.531809301179e-01,4.226212242599e-02,2.682660509296e-01
4.120000000000e+00,9.538859822268e-01,2.820974895284e-02,2.547533737633e-01
4.140000000000e+00,9.543080058649e-01,1.396024941851e-02,2.411907657512e-01
4.160000000000e+00,9.544431172784e-01,-4.804834980761e-04,2.275808851211e-01
4.180000000000e+00,9.542875515132e-01,-1.510646300947e-02,2.139263993662e-01
4.200000000000e+00,9.538376642686e-01,-2.991161099061e-02,2.002299847218e-01
4.220000000000e+00,9.530899336967e-01,-4.488976078000e-02,1.864943256414e-01
4.240000000000e+00,9.520409621444e-01,-6.003466000992e-02,1.727221142702e-01
4.260000000000e+00,9.506874778396e-01,-7.533997346441e-02,1.589160499175e-01
4.280000000000e+00,9.490263365186e-01,-9.079928596367e-02,1.450788385278e-01
4.300000000000e+00,9.470545229968e-01,-1.064061052738e-01,1.312131921502e-01
4.320000000000e+00,9.447691526806e-01,-1.221538650401e-01,1.173218284070e-01
4.340000000000e+00,9.421674730199e-01,-1.380359277437e-01,1.034074699610e-01
4.360000000000e+00,9.392468649018e-01,-1.540455876786e-01,8.947284398188e-02
4.380000000000e+00,9.360048439846e-01,-1.701760739495e-01,7.552068161182e-02
4.400000000000e+00,9.324390619710e-01,-1.864205534877e-01,6.155371742992e-02
4.420000000000e+00,9.285473078219e-01,-2.027721340852e-01,4.757468891646e-02
4.440000000000e+00,9.243275089080e-01,-2.192238674444e-01,3.358633591627e-02
4.460000000000e+00,9.197777321015e-01,-2.357687522426e-01,1.959140010176e-02
4.480000000000e+00,9.148961848058e-01,-2.523997372104e-01,5.592624435552e-03
4.500000000000e+00,9.096812159230e-01,-2.691097242216e-01,-8.407247367143e-03
4.520000000000e+00,9.041313167610e-01,-2.858915713953e-01,-2.240547137627e-02
4.540000000000e+00,8.982451218764e-01,-3.027380962060e-01,-3.639930398473e-02
4.560000000000e+00,8.920214098571e-01,-3.196420786037e-01,-5.038600244614e-02
4.580000000000e+00,8.854591040413e-01,-3.365962641394e-01,-6.436282541236e-02
4.600000000000e+00,8.785572731736e-01,-3.535933670974e-01,-7.832703347086e-02
4.620000000000e+00,8.713151320000e-01,-3.706260736321e-01,-9.227588968154e-02
4.640000000000e+00,8.637320417981e-01,-3.876870449071e-01,-1.062066601132e-01
4.660000000000e+00,8.558075108463e-01,-4.047689202369e-01,-1.201166143796e-01
4.680000000000e+00,8.475411948288e-01,-4.218643202291e-01,-1.340030261740e-01
4.700000000000e+00,8.389328971786e-01,-4.389658499256e-01,-1.478631738043e-01
4.720000000000e+00,8.299825693574e-01,-4.560661019422e-01,-1.616943407259e-01
4.740000000000e+00,8.206903110727e-01,-4.731576596048e-01,-1.754938160743e-01
4.760000000000e+00,8.110563704321e-01,-4.902331000815e-01,-1.892588951966e-01
4.780000000000e+00,8.010811440355e-01,-5.072849975081e-01,-2.029868801813e-01
4.800000000000e+00,7.907651770046e-01,-5.243059261081e-01,-2.166750803874e-01
4.820000000000e+00,7.801091629495e-01,-5.412884633029e-01,-2.303208129713e-01
4.840000000000e+00,7.691139438742e-01,-5.582251928144e-01,-2.439214034132e-01
4.860000000000e+00,7.577805100194e-01,-5.751087077549e-01,-2.574741860409e-01
4.880000000000e+00,7.461099996441e-01,-5.919316137074e-01,-2.709765045524e-01
4.900000000000e+00,7.341036987453e-01,-6.086865317913e-01,-2.844257125365e-01
4.920000000000e+00,7.217630407168e-01,-6.253661017144e-01,-2.978191739914e-01
4.940000000000e+00,7.090896059470e-01,-6.419629848100e-01,-3.111542638417e-01
4.960000000000e+00,6.960851213562e-01,-6.584698670569e-01,-3.244283684523e-01
4.980000000000e+00,6.827514598738e-01,-6.748794620818e-01,-3.376388861414e-01
5.000000000000e+00,6.690906398552e-01,-6.911845141434e-01,-3.507832276896e-01
5.020000000000e+00,6.551048244394e-01,-7.073778010962e-01,-3.638588168482e-01
5.040000000000e+00,6.407963208481e-01,-7.234521373328e-01,-3.768630908435e-01
5.060000000000e+00,6.261675796253e-01,-7.394003767053e-01,-3.897935008794e-01
5.080000000000e+00,6.112211938191e-01,-7.552154154223e-01,-4.026475126371e-01
5.100000000000e+00,5.959598981061e-01,-7.708901949222e-01,-4.154226067712e-01
5.120000000000e+00,5.803865678578e-01,-7.864177047209e-01,-4.281162794044e-01
5.140000000000e+00,5.645042181514e-01,-8.017909852334e-01,-4.407260426173e-01
5.160000000000e+00,5.483160027233e-01,-8.170031305677e-01,-4.532494249367e-01
5.180000000000e+00,5.318252128677e-01,-8.320472912904e-01,-4.656839718199e-01
5.200000000000e+00,5.150352762802e-01,-8.469166771628e-01,-4.780272461353e-01
5.220000000000e+00,4.979497558466e-01,-8.616045598465e-01,-4.902768286409e-01
5.240000000000e+00,4.805723483781e-01,-8.761042755780e-01,-5.024303184575e-01
5.260000000000e+00,4.629068832935e-01,-8.904092278105e-01,-5.144853335402e-01
5.280000000000e+00,4.449573212484e-01,-9.045128898228e-01,-5.264395111446e-01
5.300000000000e+00,4.267277527132e-01,-9.184088072936e-01,-5.382905082900e-01
5.320000000000e+00,4.082223964997e-01,-9.320906008412e-01,-5.500360022191e-01
5.340000000000e+00,3.894455982367e-01,-9.455519685271e-01,-5.616736908525e-01
5.360000000000e+00,3.704018287971e-01,-9.587866883224e-01,-5.732012932407e-01
5.380000000000e+00,3.510956826747e-01,-9.717886205370e-01,-5.846165500103e-01
5.400000000000e+00,3.315318763140e-01,-9.845517102104e-01,-5.959172238077e-01
5.420000000000e+00,3.117152463916e-01,-9.970699894623e-01,-6.071010997370e-01
5.440000000000e+00,2.916507480517e-01,-1.009337579804e+00,-6.181659857942e-01
5.460000000000e+00,2.713434530955e-01,-1.021348694410e+00,-6.291097132972e-01
5.480000000000e+00,2.507985481253e-01,-1.033097640344e+00,-6.399301373103e-01
5.500000000000e+00,2.300213326451e-01,-1.044578820748e+00,-6.506251370652e-01
5.520000000000e+00,2.090172171173e-01,-1.055786736982e+00,-6.611926163760e-01
5.540000000000e+00,1.877917209774e-01,-1.066715990728e+00,-6.716305040507e-01
5.560000000000e+00,1.663504706069e-01,-1.077361286043e+00,-6.819367542967e-01
5.580000000000e+00,1.446991972657e-01,-1.087717431367e+00,-6.921093471219e-01
5.600000000000e+00,1.228437349845e-01,-1.097779341491e+00,-7.021462887308e-01
5.620000000000e+00,1.007900184187e-01,-1.107542039472e+00,-7.120456119149e-01
5.640000000000e+00,7.854408066442e-02,-1.117000658506e+00,-7.218053764385e-01
5.660000000000e+00,5.611205103701e-02,-1.126150443750e+00,-7.314236694190e-01
5.680000000000e+00,3.350015281436e-02,-1.134986754100e+00,-7.408986057019e-01
5.700000000000e+00,1.071470094460e-02,-1.143505063915e+00,-7.502283282299e-01
5.720000000000e+00,-1.223790027999e-02,-1.151700964697e+00,-7.594110084073e-01
5.740000000000e+00,-3.535115958220e-02,-1.159570166719e+00,-7.684448464581e-01
5.760000000000e+00,-5.861850109118e-02,-1.167108500602e+00,-7.773280717791e-01
5.780000000000e+00,-8.203326676479e-02,-1.174311918845e+00,-7.860589432865e-01
5.800000000000e+00,-1.055887188420e-01,-1.181176497303e+00,-7.946357497574e-01
5.820000000000e+00,-1.292780423243e-01,-1.187698436608e+00,-8.030568101652e-01
5.840000000000e+00,-1.530943474851e-01,-1.193874063548e+00,-8.113204740091e-01
5.860000000000e+00,-1.770306724062e-01,-1.199699832385e+00,-8.194251216374e-01
5.880000000000e+00,-2.010799855402e-01,-1.205172326130e+00,-8.273691645650e-01
5.900000000000e+00,-2.252351882972e-01,-1.210288257754e+00,-8.351510457851e-01
5.920000000000e+00,-2.494891176564e-01,-1.215044471357e+00,-8.427692400738e-01
5.940000000000e+00,-2.738345487994e-01,-1.219437943275e+00,-8.502222542893e-01
5.960000000000e+00,-2.982641977658e-01,-1.223465783141e+00,-8.575086276649e-01
5.980000000000e+00,-3.227707241294e-01,-1.227125234887e+00,-8.646269320946e-01
6.000000000000e+00,-3.473467336933e-01,-1.230413677692e+00,-8.715757724136e-01
6.020000000000e+00,-3.719847812043e-01,-1.233328626880e+00,-8.783537866713e-01
6.040000000000e+00,-3.966773730843e-01,-1.235867734762e+00,-8.849596463988e-01
6.060000000000e+00,-4.214169701777e-01,-1.238028791421e+00,-8.913920568686e-01
6.080000000000e+00,-4.461959905144e-01,-1.239809725445e+00,-8.976497573488e-01
6.100000000000e+00,-4.710068120871e-01,-1.241208604604e+00,-9.037315213503e-01
6.120000000000e+00,-4.958417756407e-01,-1.242223636477e+00,-9.096361568667e-01
6.140000000000e+00,-5.206931874746e-01,-1.242853169014e+00,-9.153625066084e-01
6.160000000000e+00,-5.455533222552e-01,-1.243095691057e+00,-9.209094482292e-01
6.180000000000e+00,-5.704144258387e-01,-1.242949832791e+00,-9.262758945462e-01
6.200000000000e+00,-5.952687181017e-01,-1.242414366155e+00,-9.314607937532e-01
6.220000000000e+00,-6.201083957801e-01,-1.241488205187e+00,-9.364631296266e-01
6.240000000000e+00,-6.449256353140e-01,-1.240170406320e+00,-9.412819217244e-01
6.260000000000e+00,-6.697125956983e-01,-1.238460168622e+00,-9.459162255789e-01
6.280000000000e+00,-6.944614213370e-01,-1.236356833979e+00,-9.503651328814e-01
6.300000000000e+00,-7.191642449013e-01,-1.233859887230e+00,-9.546277716602e-01
6.320000000000e+00,-7.438131901895e-01,-1.230968956242e+00,-9.587033064519e-01
6.340000000000e+00,-7.684003749873e-01,-1.227683811928e+00,-9.625909384646e-01
6.360000000000e+00,-7.929179139293e-01,-1.224004368222e+00,-9.662899057349e-01
6.380000000000e+00,-8.173579213583e-01,-1.219930681992e+00,-9.697994832771e-01
6.400000000000e+00,-8.417125141825e-01,-1.215462952896e+00,-9.731189832252e-01
6.420000000000e+00,-8.659738147298e-01,-1.210601523197e+00,-9.762477549678e-01
6.440000000000e+00,-8.901339535972e-01,-1.205346877512e+00,-9.791851852758e-01
6.460000000000e+00,-9.141850724954e-01,-1.199699642518e+00,-9.819306984221e-01
6.480000000000e+00,-9.381193270860e-01,-1.193660586596e+00,-9.844837562949e-01
6.500000000000e+00,-9.619288898123e-01,-1.187230619433e+00,-9.868438585032e-01
6.520000000000e+00,-9.856059527206e-01,-1.180410791566e+00,-9.890105424744e-01
6.540000000000e+00,-1.009142730272e+00,-1.173202293873e+00,-9.909833835455e-01
6.560000000000e+00,-1.032531462144e+00,-1.165606457017e+00,-9.927619950458e-01
6.580000000000e+00,-1.055764416021e+00,-1.157624750837e+00,-9.943460283732e-01
6.600000000000e+00,-1.078833890369e+00,-1.149258783692e+00,-9.957351730622e-01
6.620000000000e+00,-1.101732217201e+00,-1.140510301746e+00,-9.969291568450e-01
6.640000000000e+00,-1.124451764827e+00,-1.131381188214e+00,-9.979277457046e-01
6.660000000000e+00,-1.146984940582e+00,-1.121873462555e+00,-9.987307439206e-01
6.680000000000e+00,-1.169324193547e+00,-1.111989279612e+00,-9.993379941081e-01
6.700000000000e+00,-1.191462017247e+00,-1.101730928710e+00,-9.997493772480e-01
6.720000000000e+00,-1.213390952330e+00,-1.091100832702e+00,-9.999648127104e-01
6.740000000000e+00,-1.235103589226e+00,-1.080101546973e+00,-9.999842582707e-01
6.760000000000e+00,-1.256592570793e+00,-1.068735758390e+00,-9.998077101177e-01
6.780000000000e+00,-1.277850594929e+00,-1.057006284213e+00,-9.994352028542e-01
6.800000000000e+00,-1.298870417173e+00,-1.044916070956e+00,-9.988668094904e-01
6.820000000000e+00,-1.319644853276e+00,-1.032468193204e+00,-9.981026414297e-01
6.840000000000e+00,-1.340166781754e+00,-1.019665852386e+00,-9.971428484464e-01
6.860000000000e+00,-1.360429146406e+00,-1.006512375508e+00,-9.959876186571e-01
6.880000000000e+00,-1.380424958818e+00,-9.930112138325e-01,-9.946371784829e-01
6.900000000000e+00,-1.400147300831e+00,-9.791659415290e-01,-9.930917926059e-01
6.920000000000e+00,-1.419589326990e+00,-9.649802542712e-01,-9.913517639168e-01
6.940000000000e+00,-1.438744266952e+00,-9.504579677996e-01,-9.894174334556e-01
6.960000000000e+00,-1.457605427882e+00,-9.356030164412e-01,-9.872891803448e-01
6.980000000000e+00,-1.476166196800e+00,-9.204194515898e-01,-9.849674217153e-01
7.000000000000e+00,-1.494420042916e+00,-9.049114401471e-01,-9.824526126243e-01
7.020000000000e+00,-1.512360519917e+00,-8.890832629255e-01,-9.797452459664e-01
7.040000000000e+00,-1.529981268232e+00,-8.729393130125e-01,-9.768458523768e-01
7.060000000000e+00,-1.547276017262e+00,-8.564840940995e-01,-9.737550001273e-01
7.080000000000e+00,-1.564238587572e+00,-8.397222187728e-01,-9.704732950151e-01
7.100000000000e+00,-1.580862893055e+00,-8.226584067702e-01,-9.670013802438e-01
7.120000000000e+00,-1.597142943054e+00,-8.052974832021e-01,-9.633399362976e-01
7.140000000000e+00,-1.613072844454e+00,-7.876443767395e-01,-9.594896808080e-01
7.160000000000e+00,-1.628646803731e+00,-7.697041177678e-01,-9.554513684124e-01
7.180000000000e+00,-1.643859128974e+00,-7.514818365088e-01,-9.512257906074e-01
7.200000000000e+00,-1.658704231857e+00,-7.329827611114e-01,-9.468137755926e-01
7.220000000000e+00,-1.673176629579e+00,-7.142122157106e-01,-9.422161881088e-01
7.240000000000e+00,-1.687270946768e+00,-6.951756184573e-01,-9.374339292685e-01
7.260000000000e+00,-1.700981917337e+00,-6.758784795185e-01,-9.324679363791e-01
7.280000000000e+00,-1.714304386304e+00,-6.563263990496e-01,-9.273191827593e-01
7.300000000000e+00,-1.727233311575e+00,-6.365250651388e-01,-9.219886775482e-01
7.320000000000e+00,-1.739763765680e+00,-6.164802517250e-01,-9.164774655080e-01
7.340000000000e+00,-1.751890937467e+00,-5.961978164899e-01,-9.107866268184e-01
7.360000000000e+00,-1.763610133759e+00,-5.756836987254e-01,-9.049172768657e-01
7.380000000000e+00,-1.774916780963e+00,-5.549439171764e-01,-8.988705660237e-01
7.400000000000e+00,-1.785806426634e+00,-5.339845678607e-01,-8.926476794283e-01
7.420000000000e+00,-1.796274741007e+00,-5.128118218671e-01,-8.862498367453e-01
7.440000000000e+00,-1.806317518466e+00,-4.914319231307e-01,-8.796782919315e-01
7.460000000000e+00,-1.815930678987e+00,-4.698511861890e-01,-8.729343329887e-01
7.480000000000e+00,-1.825110269523e+00,-4.480759939174e-01,-8.660192817110e-01
7.500000000000e+00,-1.833852465348e+00,-4.261127952464e-01,-8.589344934266e-01
7.520000000000e+00,-1.842153571356e+00,-4.039681028605e-01,-8.516813567312e-01
7.540000000000e+00,-1.850010023314e+00,-3.816484908807e-01,-8.442612932164e-01
7.560000000000e+00,-1.857418389066e+00,-3.591605925297e-01,-8.366757571908e-01
7.580000000000e+00,-1.864375369691e+00,-3.365110977834e-01,-8.289262353953e-01
7.600000000000e+00,-1.870877800617e+00,-3.137067510069e-01,-8.210142467113e-01
7.620000000000e+00,-1.876922652682e+00,-2.907543485773e-01,-8.129413418632e-01
7.640000000000e+00,-1.882507033152e+00,-2.676607364946e-01,-8.047091031147e-01
7.660000000000e+00,-1.887628186690e+00,-2.444328079803e-01,-7.963191439580e-01
7.680000000000e+00,-1.892283496274e+00,-2.210775010653e-01,-7.877731087984e-01
7.700000000000e+00,-1.896470484073e+00,-1.976017961687e-01,-7.790726726314e-01
7.720000000000e+00,-1.900186812266e+00,-1.740127136668e-01,-7.702195407146e-01
7.740000000000e+00,-1.903430283818e+00,-1.503173114546e-01,-7.612154482336e-01
7.760000000000e+00,-1.906198843210e+00,-1.265226825003e-01,-7.520621599616e-01
7.780000000000e+00,-1.908490577110e+00,-1.026359523931e-01,-7.427614699138e-01
7.800000000000e+00,-1.910303715005e+00,-7.866427688650e-02,-7.333152009957e-01
7.820000000000e+00,-1.911636629775e+00,-5.461483943607e-02,-7.237252046458e-01
7.840000000000e+00,-1.912487838231e+00,-3.049484873490e-02,-7.139933604726e-01
7.860000000000e+00,-1.912856001585e+00,-6.311536245704e-03,-7.041215758866e-01
7.880000000000e+00,-1.912739925887e+00,1.792784626858e-02,-6.941117857257e-01
7.900000000000e+00,-1.912138562406e+00,4.221602921501e-02,-6.839659518769e-01
7.920000000000e+00,-1.911051007959e+00,6.654572764083e-02,-6.736860628912e-01
7.940000000000e+00,-1.909476505194e+00,9.090964370272e-02,-6.632741335938e-01
7.960000000000e+00,-1.907414442827e+00,1.153004691343e-01,-6.527322046895e-01
7.980000000000e+00,-1.904864355822e+00,1.397108877107e-01,-6.420623423628e-01
8.000000000000e+00,-1.901825925525e+00,1.641335777102e-01,-6.312666378724e-01
8.020000000000e+00,-1.898298979752e+00,1.885612143705e-01,-6.203472071418e-01
8.040000000000e+00,-1.894283492826e+00,2.129864723408e-01,-6.093061903446e-01
8.060000000000e+00,-1.889779585559e+00,2.374020281267e-01,-5.981457514846e-01
8.080000000000e+00,-1.884787525198e+00,2.618005625293e-01,-5.868680779722e-01
8.100000000000e+00,-1.879307725306e+00,2.861747630753e-01,-5.754753801953e-01
8.120000000000e+00,-1.873340745613e+00,3.105173264395e-01,-5.639698910861e-01
8.140000000000e+00,-1.866887291800e+00,3.348209608571e-01,-5.523538656837e-01
8.160000000000e+00,-1.859948215250e+00,3.590783885261e-01,-5.406295806919e-01
8.180000000000e+00,-1.852524512741e+00,3.832823479989e-01,-5.287993340330e-01
8.200000000000e+00,-1.844617326098e+00,4.074255965608e-01,-5.168654443975e-01
8.220000000000e+00,-1.836227941793e+00,4.315009125977e-01,-5.048302507895e-01
8.240000000000e+00,-1.827357790497e+00,4.555010979487e-01,-4.926961120685e-01
8.260000000000e+00,-1.818008446595e+00,4.794189802450e-01,-4.804654064868e-01
8.280000000000e+00,-1.808181627637e+00,5.032474152342e-01,-4.681405312236e-01
8.300000000000e+00,-1.797879193762e+00,5.269792890883e-01,-4.557239019149e-01
8.320000000000e+00,-1.787103147059e+00,5.506075206950e-01,-4.432179521803e-01
8.340000000000e+00,-1.775855630894e+00,5.741250639326e-01,-4.306251331460e-01
8.360000000000e+00,-1.764138929189e+00,5.975249099258e-01,-4.179479129641e-01
8.380000000000e+00,-1.751955465648e+00,6.208000892839e-01,-4.051887763293e-01
8.400000000000e+00,-1.739307802954e+00,6.439436743180e-01,-3.923502239915e-01
8.420000000000e+00,-1.726198641906e+00,6.669487812400e-01,-3.794347722658e-01
8.440000000000e+00,-1.712630820521e+00,6.898085723390e-01,-3.664449525395e-01
8.460000000000e+00,-1.698607313093e+00,7.125162581372e-01,-3.533833107755e-01
8.480000000000e+00,-1.684131229204e+00,7.350650995231e-01,-3.402524070139e-01
8.500000000000e+00,-1.669205812699e+00,7.574484098622e-01,-3.270548148698e-01
8.520000000000e+00,-1.653834440612e+00,7.796595570840e-01,-3.137931210290e-01
8.540000000000e+00,-1.638020622056e+00,8.016919657446e-01,-3.004699247410e-01
8.560000000000e+00,-1.621767997069e+00,8.235391190648e-01,-2.870878373097e-01
8.580000000000e+00,-1.605080335421e+00,8.451945609430e-01,-2.736494815813e-01
8.600000000000e+00,-1.587961535383e+00,8.666518979414e-01,-2.601574914305e-01
8.620000000000e+00,-1.570415622449e+00,8.879048012465e-01,-2.466145112443e-01
8.640000000000e+00,-1.552446748027e+00,9.089470086014e-01,-2.330231954034e-01
8.660000000000e+00,-1.534059188092e+00,9.297723262114e-01,-2.193862077621e-01
8.680000000000e+00,-1.515257341790e+00,9.503746306205e-01,-2.057062211265e-01
8.700000000000e+00,-1.496045730021e+00,9.707478705594e-01,-1.919859167300e-01
8.720000000000e+00,-1.476428993971e+00,9.908860687639e-01,-1.782279837085e-01
8.740000000000e+00,-1.456411893618e+00,1.010783323764e+00,-1.644351185727e-01
8.760000000000e+00,-1.435999306195e+00,1.030433811642e+00,-1.506100246801e-01
8.780000000000e+00,-1.415196224625e+00,1.049831787758e+00,-1.367554117048e-01
8.800000000000e+00,-1.394007755916e+00,1.068971588451e+00,-1.228739951066e-01
8.820000000000e+00,-1.372439119526e+00,1.087847632697e+00,-1.089684955987e-01
8.840000000000e+00,-1.350495645693e+00,1.106454423744e+00,-9.504163861457e-02
8.860000000000e+00,-1.328182773734e+00,1.124786550712e+00,-8.109615377349e-02
8.880000000000e+00,-1.305506050313e+00,1.142838690155e+00,-6.713477434589e-02
8.900000000000e+00,-1.282471127674e+00,1.160605607599e+00,-5.316023671743e-02
8.920000000000e+00,-1.259083761849e+00,1.178082159035e+00,-3.917527985275e-02
8.940000000000e+00,-1.235349810833e+00,1.195263292389e+00,-2.518264475864e-02
8.960000000000e+00,-1.211275232733e+00,1.212144048945e+00,-1.118507394678e-02
8.980000000000e+00,-1.186866083882e+00,1.228719564744e+00,2.814689103777e-03
9.000000000000e+00,-1.162128516936e+00,1.244985071941e+00,1.681390048428e-02
9.020000000000e+00,-1.137068778935e+00,1.260935900128e+00,3.080981639411e-02
9.040000000000e+00,-1.111693209339e+00,1.276567477623e+00,4.479969367856e-02
9.060000000000e+00,-1.086008238050e+00,1.291875332719e+00,5.878079036647e-02
9.080000000000e+00,-1.060020383388e+00,1.306855094899e+00,7.275036620764e-02
9.100000000000e+00,-1.033736250066e+00,1.321502496012e+00,8.670568320993e-02
9.120000000000e+00,-1.007162527125e+00,1.335813371415e+00,1.006440061759e-01
9.140000000000e+00,-9.803059858538e-01,1.349783661076e+00,1.145626032388e-01
9.160000000000e+00,-9.531734776888e-01,1.363409410635e+00,1.284587463983e-01
9.180000000000e+00,-9.257719320870e-01,1.376686772436e+00,1.423297120547e-01
9.200000000000e+00,-8.981083543834e-01,1.389612006515e+00,1.561727815431e-01
9.220000000000e+00,-8.701898236276e-01,1.402181481549e+00,1.699852416664e-01
9.240000000000e+00,-8.420234904015e-01,1.414391675770e+00,1.837643852264e-01
9.260000000000e+00,-8.136165746194e-01,1.426239177840e+00,1.975075115553e-01
9.280000000000e+00,-7.849763633113e-01,1.437720687683e+00,2.112119270441e-01
9.300000000000e+00,-7.561102083892e-01,1.448833017285e+00,2.248749456715e-01
9.320000000000e+00,-7.270255243986e-01,1.459573091450e+00,2.384938895293e-01
9.340000000000e+00,-6.977297862545e-01,1.469937948519e+00,2.520660893483e-01
9.360000000000e+00,-6.682305269642e-01,1.479924741049e+00,2.655888850208e-01
9.380000000000e+00,-6.385353353363e-01,1.489530736453e+00,2.790596261220e-01
9.400000000000e+00,-6.086518536775e-01,1.498753317601e+00,2.924756724298e-01
9.420000000000e+00,-5.785877754780e-01,1.507589983380e+00,3.058343944421e-01
9.440000000000e+00,-5.483508430852e-01,1.516038349222e+00,3.191331738923e-01
9.460000000000e+00,-5.179488453690e-01,1.524096147580e+00,3.323694042619e-01
9.480000000000e+00,-4.873896153759e-01,1.531761228374e+00,3.455404912924e-01
9.500000000000e+00,-4.566810279759e-01,1.539031559399e+00,3.586438534927e-01
9.520000000000e+00,-4.258309975016e-01,1.545905226684e+00,3.716769226459e-01
9.540000000000e+00,-3.948474753796e-01,1.552380434821e+00,3.846371443121e-01
9.560000000000e+00,-3.637384477568e-01,1.558455507251e+00,3.975219783294e-01
9.580000000000e+00,-3.325119331206e-01,1.564128886512e+00,4.103288993115e-01
9.600000000000e+00,-3.011759799150e-01,1.569399134445e+00,4.230553971429e-01
9.620000000000e+00,-2.697386641526e-01,1.574264932366e+00,4.356989774708e-01
9.640000000000e+00,-2.382080870239e-01,1.578725081193e+00,4.482571621940e-01
9.660000000000e+00,-2.065923725041e-01,1.582778501543e+00,4.607274899484e-01
9.680000000000e+00,-1.748996649588e-01,1.586424233778e+00,4.731075165896e-01
9.700000000000e+00,-1.431381267485e-01,1.589661438026e+00,4.853948156722e-01
9.720000000000e+00,-1.113159358340e-01,1.592489394151e+00,4.975869789248e-01
9.740000000000e+00,-7.944128338150e-02,1.594907501698e+00,5.096816167225e-01
9.760000000000e+00,-4.752237137064e-02,1.596915279786e+00,5.216763585550e-01
9.780000000000e+00,-1.556741020391e-02,1.598512366977e+00,5.335688534912e-01
9.800000000000e+00,1.641538368038e-02,1.599698521093e+00,5.453567706402e-01
9.820000000000e+00,4.841779019128e-02,1.600473619010e+00,5.570377996081e-01
9.840000000000e+00,8.043158796381e-02,1.600837656405e+00,5.686096509505e-01
9.860000000000e+00,1.124485567322e-01,1.600790747471e+00,5.800700566216e-01
9.880000000000e+00,1.444604796970e-01,1.600333124590e+00,5.914167704186e-01
9.900000000000e+00,1.764591458854e-01,1.599465137979e+00,6.026475684219e-01
9.920000000000e+00,2.084363525038e-01,1.598187255287e+00,6.137602494311e-01
9.940000000000e+00,2.403839072827e-01,1.596500061170e+00,6.247526353962e-01
9.960000000000e+00,2.722936308116e-01,1.594404256820e+00,6.356225718448e-01
9.980000000000e+00,3.041573588653e-01,1.591900659464e+00,6.463679283041e-01
1.000000000000e+01,3.359669447186e-01,1.588990201826e+00,6.569865987187e-01
1.002000000000e+01,3.677142614516e-01,1.585673931555e+00,6.674765018632e-01
1.004000000000e+01,3.993912042412e-01,1.581953010620e+00,6.778355817501e-01
1.006000000000e+01,4.309896926417e-01,1.577828714668e+00,6.880618080330e-01
1.008000000000e+01,4.625016728515e-01,1.573302432353e+00,6.981531764042e-01
1.010000000000e+01,4.939191199664e-01,1.568375664628e+00,7.081077089878e-01
1.012000000000e+01,5.252340402180e-01,1.563050024006e+00,7.179234547274e-01
1.014000000000e+01,5.564384731973e-01,1.557327233786e+00,7.275984897681e-01
1.016000000000e+01,5.875244940627e-01,1.551209127254e+00,7.371309178340e-01
1.018000000000e+01,6.184842157310e-01,1.544697646843e+00,7.465188705999e-01
1.020000000000e+01,6.493097910521e-01,1.537794843267e+00,7.557605080570e-01
1.022000000000e+01,6.799934149655e-01,1.530502874627e+00,7.648540188739e-01
1.024000000000e+01,7.105273266388e-01,1.522824005480e+00,7.737976207517e-01
1.026000000000e+01,7.409038115875e-01,1.514760605883e+00,7.825895607729e-01
1.028000000000e+01,7.711152037749e-01,1.506315150405e+00,7.912281157456e-01
1.030000000000e+01,8.011538876924e-01,1.497490217112e+00,7.997115925405e-01
1.032000000000e+01,8.310123004190e-01,1.488288486523e+00,8.080383284235e-01
1.034000000000e+01,8.606829336598e-01,1.478712740536e+00,8.162066913808e-01
1.036000000000e+01,8.901583357623e-01,1.468765861329e+00,8.242150804396e-01
1.038000000000e+01,9.194311137112e-01,1.458450830232e+00,8.320619259812e-01
1.040000000000e+01,9.484939350996e-01,1.447770726574e+00,8.397456900489e-01
1.042000000000e+01,9.773395300774e-01,1.436728726503e+00,8.472648666497e-01
1.044000000000e+01,1.005960693276e+00,1.425328101779e+00,8.546179820490e-01
1.046000000000e+01,1.034350285706e+00,1.413572218546e+00,8.618035950598e-01
1.048000000000e+01,1.062501236638e+00,1.401464536075e+00,8.688202973248e-01
1.050000000000e+01,1.090406545445e+00,1.389008605487e+00,8.756667135928e-01
1.052000000000e+01,1.118059283432e+00,1.376208068445e+00,8.823415019883e-01
1.054000000000e+01,1.145452595631e+00,1.363066655834e+00,8.888433542741e-01
1.056000000000e+01,1.172579702573e+00,1.349588186411e+00,8.951709961079e-01
1.058000000000e+01,1.199433902031e+00,1.335776565433e+00,9.013231872922e-01
1.060000000000e+01,1.226008570737e+00,1.321635783267e+00,9.072987220171e-01
1.062000000000e+01,1.252297166070e+00,1.307169913979e+00,9.130964290972e-01
1.064000000000e+01,1.278293227714e+00,1.292383113895e+00,9.187151722002e-01
1.066000000000e+01,1.303990379293e+00,1.277279620160e+00,9.241538500705e-01
1.068000000000e+01,1.329382329965e+00,1.261863749253e+00,9.294113967448e-01
1.070000000000e+01,1.354462876004e+00,1.246139895509e+00,9.344867817606e-01
1.072000000000e+01,1.379225902333e+00,1.230112529601e+00,9.393790103588e-01
1.074000000000e+01,1.403665384039e+00,1.213786197022e+00,9.440871236782e-01
1.076000000000e+01,1.427775387858e+00,1.197165516536e+00,9.486101989437e-01
1.078000000000e+01,1.451550073616e+00,1.180255178625e+00,9.529473496470e-01
1.080000000000e+01,1.474983695656e+00,1.163059943908e+00,9.570977257204e-01
1.082000000000e+01,1.498070604221e+00,1.145584641559e+00,9.610605137035e-01
1.084000000000e+01,1.520805246810e+00,1.127834167694e+00,9.648349369027e-01
1.086000000000e+01,1.543182169498e+00,1.109813483761e+00,9.684202555429e-01
1.088000000000e+01,1.565196018231e+00,1.091527614901e+00,9.718157669133e-01
1.090000000000e+01,1.586841540080e+00,1.072981648308e+00,9.750208055044e-01
1.092000000000e+01,1.608113584468e+00,1.054180731571e+00,9.780347431390e-01
1.094000000000e+01,1.629007104358e+00,1.035130071006e+00,9.808569890950e-01
1.096000000000e+01,1.649517157413e+00,1.015834929973e+00,9.834869902211e-01
1.098000000000e+01,1.669638907121e+00,9.963006271925e-01,9.859242310455e-01
1.100000000000e+01,1.689367623883e+00,9.765325350397e-01,9.881682338770e-01
1.102000000000e+01,1.708698686068e+00,9.565360778382e-01,9.902185588980e-01
1.104000000000e+01,1.727627581039e+00,9.363167301416e-01,9.920748042515e-01
1.106000000000e+01,1.746149906138e+00,9.158800150074e-01,9.937366061193e-01
1.108000000000e+01,1.764261369637e+00,8.952315022638e-01,9.952036387936e-01
1.110000000000e+01,1.781957791660e+00,8.743768067690e-01,9.964756147406e-01
1.112000000000e+01,1.799235105062e+00,8.533215866645e-01,9.975522846571e-01
1.114000000000e+01,1.816089356279e+00,8.320715416226e-01,9.984334375194e-01
1.116000000000e+01,1.832516706144e+00,8.106324110887e-01,9.991189006242e-01
1.118000000000e+01,1.848513430657e+00,7.890099725190e-01,9.996085396229e-01
1.120000000000e+01,1.864075921738e+00,7.672100396141e-01,9.999022585480e-01
1.122000000000e+01,1.879200687925e+00,7.452384605493e-01,9.999999998313e-01
1.124000000000e+01,1.893884355050e+00,7.231011162020e-01,9.999017443161e-01
1.126000000000e+01,1.908123666876e+00,7.008039183768e-01,9.996075112599e-01
1.128000000000e+01,1.921915485695e+00,6.783528080287e-01,9.991173583316e-01
1.130000000000e+01,1.935256792897e+00,6.557537534855e-01,9.984313815995e-01
1.132000000000e+01,1.948144689496e+00,6.330127486696e-01,9.975497155129e-01
1.134000000000e+01,1.960576396625e+00,6.101358113190e-01,9.964725328756e-01
1.136000000000e+01,1.972549255996e+00,5.871289812103e-01,9.952000448118e-01
1.138000000000e+01,1.984060730322e+00,5.639983183814e-01,9.937325007252e-01
1.140000000000e+01,1.995108403704e+00,5.407499013565e-01,9.920701882497e-01
1.142000000000e+01,2.005689981985e+00,5.173898253733e-01,9.902134331932e-01
1.144000000000e+01,2.015803293064e+00,4.939242006128e-01,9.881625994739e-01
1.146000000000e+01,2.025446287178e+00,4.703591504327e-01,9.859180890484e-01
1.148000000000e+01,2.034617037150e+00,4.467008096036e-01,9.834803418337e-01
1.150000000000e+01,2.043313738595e+00,4.229553225513e-01,9.808498356204e-01
1.152000000000e+01,2.051534710101e+00,3.991288416022e-01,9.780270859794e-01
1.154000000000e+01,2.059278393365e+00,3.752275252351e-01,9.750126461605e-01
1.156000000000e+01,2.066543353304e+00,3.512575363389e-01,9.718071069842e-01
1.158000000000e+01,2.073328278117e+00,3.272250404763e-01,9.684110967261e-01
1.160000000000e+01,2.079631979332e+00,3.031362041546e-01,9.648252809931e-01
1.162000000000e+01,2.085453391799e+00,2.789971931045e-01,9.610503625938e-01
1.164000000000e+01,2.090791573662e+00,2.548141705654e-01,9.570870814001e-01
1.166000000000e+01,2.095645706288e+00,2.305932955810e-01,9.529362142023e-01
1.168000000000e+01,2.100015094174e+00,2.063407213024e-01,9.485985745572e-01
1.170000000000e+01,2.103899164801e+00,1.820625933010e-01,9.440750126283e-01
1.172000000000e+01,2.107297468476e+00,1.577650478917e-01,9.393664150191e-01
1.174000000000e+01,2.110209678123e+00,1.334542104655e-01,9.344737045998e-01
1.176000000000e+01,2.112635589054e+00,1.091361938340e-01,9.293978403260e-01
1.178000000000e+01,2.114575118695e+00,8.481709658426e-02,9.241398170507e-01
1.180000000000e+01,2.116028306289e+00,6.050300144579e-02,9.187006653298e-01
1.182000000000e+01,2.116995312560e+00,3.619997366954e-02,9.130814512195e-01
1.184000000000e+01,2.117476419352e+00,1.191405941950e-02,9.072832760678e-01
1.186000000000e+01,2.117472029224e+00,-1.234871582269e-02,9.013072762985e-01
1.188000000000e+01,2.116982665028e+00,-3.658234883978e-02,8.951546231884e-01
1.190000000000e+01,2.116008969443e+00,-6.078086024701e-02,8.888265226379e-01
1.192000000000e+01,2.114551704485e+00,-8.493829604609e-02,8.823242149343e-01
1.194000000000e+01,2.112611750983e+00,-1.090487291644e-01,8.756489745092e-01
1.196000000000e+01,2.110190108026e+00,-1.331062609795e-01,8.688021096883e-01
1.198000000000e+01,2.107287892377e+00,-1.571050228273e-01,8.617849624352e-01
1.200000000000e+01,2.103906337861e+00,-1.810391774962e-01,8.545989080883e-01
