time,x,y
0.000000000000e0,1.000000000000e1,5.000000000000e0
5.000000000000e-2,9.545869105529e0,5.146442614078e0
1.000000000000e-1,9.086405968849e0,5.285079874483e0
1.500000000000e-1,8.625851056714e0,5.414973484714e0
2.000000000000e-1,8.168163736324e0,5.535329249603e0
2.500000000000e-1,7.716943267295e0,5.645509380114e0
3.000000000000e-1,7.275370926301e0,5.745038390310e0
3.500000000000e-1,6.846173872530e0,5.833602857241e0
4.000000000000e-1,6.431609825775e0,5.911045686806e0
4.500000000000e-1,6.033470401950e0,5.977355798051e0
5.000000000000e-1,5.653100105459e0,6.032654293813e0
5.500000000000e-1,5.291427526043e0,6.077178231785e0
6.000000000000e-1,4.949005192488e0,6.111263063435e0
6.500000000000e-1,4.626054727350e0,6.135324692234e0
7.000000000000e-1,4.322514341254e0,6.149841942969e0
7.500000000000e-1,4.038086217813e0,6.155340054428e0
8.000000000000e-1,3.772281896744e0,6.152375628340e0
8.500000000000e-1,3.524464305705e0,6.141523302458e0
9.000000000000e-1,3.293885581097e0,6.123364274276e0
9.500000000000e-1,3.079720231811e0,6.098476688154e0
1.000000000000e0,2.881093528859e0,6.067427813322e0
1.050000000000e0,2.697105249245e0,6.030767881070e0
1.100000000000e0,2.526849072349e0,5.989025413027e0
1.150000000000e0,2.369428033062e0,5.942703854421e0
1.200000000000e0,2.223966490669e0,5.892279322252e0
1.250000000000e0,2.089619088499e0,5.838199284542e0
1.300000000000e0,1.965577167799e0,5.780881999752e0
1.350000000000e0,1.851073069393e0,5.720716562356e0
1.400000000000e0,1.745382715981e0,5.658063419322e0
1.450000000000e0,1.647826821963e0,5.593255241364e0
1.500000000000e0,1.557771030534e0,5.526598051170e0
1.550000000000e0,1.474625232252e0,5.458372527809e0
1.600000000000e0,1.397842276975e0,5.388835421742e0
1.650000000000e0,1.326916253048e0,5.318221028194e0
1.700000000000e0,1.261380474200e0,5.246742678080e0
1.750000000000e0,1.200805285895e0,5.174594215311e0
1.800000000000e0,1.144795778515e0,5.101951437280e0
1.850000000000e0,1.092989474503e0,5.028973481883e0
1.900000000000e0,1.045054039914e0,4.955804149638e0
1.950000000000e0,1.000685057278e0,4.882573153669e0
2.000000000000e0,9.596038858365e-1,4.809397293557e0
2.050000000000e0,9.215556266252e-1,4.736381551559e0
2.100000000000e0,8.863072031684e-1,4.663620111586e0
2.150000000000e0,8.536455633868e-1,4.591197302687e0
2.200000000000e0,8.233760044214e-1,4.519188469793e0
2.250000000000e0,7.953206191794e-1,4.447660775120e0
2.300000000000e0,7.693168613191e-1,4.376673934058e0
2.350000000000e0,7.452162239388e-1,4.306280889587e0
2.400000000000e0,7.228830262729e-1,4.236528429371e0
2.450000000000e0,7.021933021194e-1,4.167457749639e0
2.500000000000e0,6.830337834311e-1,4.099104969868e0
2.550000000000e0,6.653009724324e-1,4.031501602151e0
2.600000000000e0,6.489002957001e-1,3.964674978912e0
2.650000000000e0,6.337453338479e-1,3.898648642455e0
2.700000000000e0,6.197571207244e-1,3.833442699586e0
2.750000000000e0,6.068635063552e-1,3.769074144347e0
2.800000000000e0,5.949985782141e-1,3.705557151645e0
2.850000000000e0,5.841021357709e-1,3.642903344380e0
2.900000000000e0,5.741192136289e-1,3.581122036445e0
2.950000000000e0,5.649996489291e-1,3.520220453762e0
3.000000000000e0,5.566976890414e-1,3.460203935378e0
3.050000000000e0,5.491716358993e-1,3.401076116413e0
3.100000000000e0,5.423835236448e-1,3.342839094531e0
3.150000000000e0,5.362988265452e-1,3.285493581453e0
3.200000000000e0,5.308861944171e-1,3.229039040868e0
3.250000000000e0,5.261172130438e-1,3.173473814004e0
3.300000000000e0,5.219661873077e-1,3.118795233990e0
3.350000000000e0,5.184099449702e-1,3.064999730025e0
3.400000000000e0,5.154276592301e-1,3.012082922308e0
3.450000000000e0,5.130006883682e-1,2.960039708552e0
3.500000000000e0,5.111124309494e-1,2.908864342871e0
3.550000000000e0,5.097481952014e-1,2.858550507709e0
3.600000000000e0,5.088950813235e-1,2.809091379473e0
3.650000000000e0,5.085418756012e-1,2.760479688407e0
3.700000000000e0,5.086789553116e-1,2.712707773262e0
3.750000000000e0,5.092982035073e-1,2.665767631195e0
3.800000000000e0,5.103929328534e-1,2.619650963351e0
3.850000000000e0,5.119578177768e-1,2.574349216509e0
3.900000000000e0,5.139888342613e-1,2.529853621131e0
3.950000000000e0,5.164832066859e-1,2.486155226154e0
4.000000000000e0,5.194393611682e-1,2.443244930793e0
4.050000000000e0,5.228568849262e-1,2.401113513645e0
4.100000000000e0,5.267364912245e-1,2.359751659305e0
4.150000000000e0,5.310799895121e-1,2.319149982743e0
4.200000000000e0,5.358902604033e-1,2.279299051617e0
4.250000000000e0,5.411712351866e-1,2.240189406715e0
4.300000000000e0,5.469278795817e-1,2.201811580698e0
4.350000000000e0,5.531661814947e-1,2.164156115281e0
4.400000000000e0,5.598931425472e-1,2.127213577006e0
4.450000000000e0,5.671167731819e-1,2.090974571716e0
4.500000000000e0,5.748460911669e-1,2.055429757873e0
4.550000000000e0,5.830911233455e-1,2.020569858799e0
4.600000000000e0,5.918629104898e-1,1.986385673956e0
4.650000000000e0,6.011735151410e-1,1.952868089351e0
4.700000000000e0,6.110360323277e-1,1.920008087147e0
4.750000000000e0,6.214646030695e-1,1.887796754561e0
4.800000000000e0,6.324744305873e-1,1.856225292117e0
4.850000000000e0,6.440817991485e-1,1.825285021321e0
4.900000000000e0,6.563040954884e-1,1.794967391826e0
4.950000000000e0,6.691598327562e-1,1.765263988133e0
5.000000000000e0,6.826686769421e-1,1.736166535893e0
5.050000000000e0,6.968514757480e-1,1.707666907849e0
5.100000000000e0,7.117302898717e-1,1.679757129482e0
5.150000000000e0,7.273284266761e-1,1.652429384389e0
5.200000000000e0,7.436704762230e-1,1.625676019450e0
5.250000000000e0,7.607823496497e-1,1.599489549812e0
5.300000000000e0,7.786913198722e-1,1.573862663745e0
5.350000000000e0,7.974260645975e-1,1.548788227395e0
5.400000000000e0,8.170167116287e-1,1.524259289477e0
5.450000000000e0,8.374948864466e-1,1.500269085946e0
5.500000000000e0,8.588937620474e-1,1.476811044680e0
5.550000000000e0,8.812481110146e-1,1.453878790207e0
5.600000000000e0,9.045943598004e-1,1.431466148521e0
5.650000000000e0,9.289706451828e-1,1.409567152017e0
5.700000000000e0,9.544168728613e-1,1.388176044577e0
5.750000000000e0,9.809747781451e-1,1.367287286857e0
5.800000000000e0,1.008687988675e0,1.346895561800e0
5.850000000000e0,1.037602089114e0,1.326995780423e0
5.900000000000e0,1.067764687724e0,1.307583087915e0
5.950000000000e0,1.099225484726e0,1.288652870096e0
6.000000000000e0,1.132036342343e0,1.270200760262e0
6.050000000000e0,1.166251356371e0,1.252222646497e0
6.100000000000e0,1.201926929132e0,1.234714679467e0
6.150000000000e0,1.239121843622e0,1.217673280777e0
6.200000000000e0,1.277897338635e0,1.201095151929e0
6.250000000000e0,1.318317184613e0,1.184977283954e0
6.300000000000e0,1.360447759942e0,1.169316967784e0
6.350000000000e0,1.404358127355e0,1.154111805422e0
6.400000000000e0,1.450120110072e0,1.139359722005e0
6.450000000000e0,1.497808367244e0,1.125058978823e0
6.500000000000e0,1.547500468210e0,1.111208187406e0
6.550000000000e0,1.599276965004e0,1.097806324749e0
6.600000000000e0,1.653221462493e0,1.084852749811e0
6.650000000000e0,1.709420685418e0,1.072347221378e0
6.700000000000e0,1.767964541538e0,1.060289917423e0
6.750000000000e0,1.828946179966e0,1.048681456111e0
6.800000000000e0,1.892462043663e0,1.037522918579e0
6.850000000000e0,1.958611914955e0,1.026815873668e0
6.900000000000e0,2.027498952754e0,1.016562404779e0
6.950000000000e0,2.099229720059e0,1.006765139050e0
7.000000000000e0,2.173914200086e0,9.974272790676e-1
7.050000000000e0,2.251665799225e0,9.885526373415e-1
7.100000000000e0,2.332601334776e0,9.801456738057e-1
7.150000000000e0,2.416841005207e0,9.722115366217e-1
7.200000000000e0,2.504508340379e0,9.647561065912e-1
7.250000000000e0,2.595730128934e0,9.577860455165e-1
7.300000000000e0,2.690636319676e0,9.513088488772e-1
7.350000000000e0,2.789359893462e0,9.453329032260e-1
7.400000000000e0,2.892036701686e0,9.398675487499e-1
7.450000000000e0,2.998805267051e0,9.349231474797e-1
7.500000000000e0,3.109806541802e0,9.305111576798e-1
7.550000000000e0,3.225183618120e0,9.266442150011e-1
7.600000000000e0,3.345081384747e0,9.233362210304e-1
7.650000000000e0,3.469646123341e0,9.206024399329e-1
7.700000000000e0,3.599025037330e0,9.184596039430e-1
7.750000000000e0,3.733365705300e0,9.169260285283e-1
7.800000000000e0,3.872815450139e0,9.160217381225e-1
7.850000000000e0,4.017520614279e0,9.157686033998e-1
7.900000000000e0,4.167625730402e0,9.161904911388e-1
7.950000000000e0,4.323272575982e0,9.173134278099e-1
8.000000000000e0,4.484599098908e0,9.191657781005e-1
8.050000000000e0,4.651738200301e0,9.217784396753e-1
8.100000000000e0,4.824816359375e0,9.251850555509e-1
8.150000000000e0,5.003952083944e0,9.294222455355e-1
8.200000000000e0,5.189254168857e0,9.345298582525e-1
8.250000000000e0,5.380819743278e0,9.405512453131e-1
8.300000000000e0,5.578732086470e0,9.475335592327e-1
8.350000000000e0,5.783058190408e0,9.555280766783e-1
8.400000000000e0,5.993846046449e0,9.645905485902e-1
8.450000000000e0,6.211121632246e0,9.747815786137e-1
8.500000000000e0,6.434885574435e0,9.861670310986e-1
8.550000000000e0,6.665109462235e0,9.988184696432e-1
8.600000000000e0,6.901731787340e0,1.012813626758e0
8.650000000000e0,7.144653486338e0,1.028236904656e0
8.700000000000e0,7.393733063767e0,1.045179906414e0
8.750000000000e0,7.648781276946e0,1.063741995723e0
8.800000000000e0,7.909555368302e0,1.084030882131e0
8.850000000000e0,8.175752837494e0,1.106163226942e0
8.900000000000e0,8.447004754574e0,1.130265262801e0
8.950000000000e0,8.722868627418e0,1.156473417221e0
9.000000000000e0,9.002820852257e0,1.184934926955e0
9.050000000000e0,9.286248796090e0,1.215808425931e0
9.100000000000e0,9.572442584877e0,1.249264484439e0
9.150000000000e0,9.860586702512e0,1.285486071208e0
9.200000000000e0,1.014975154348e1,1.324668902853e0
9.250000000000e0,1.043888510767e1,1.367021636867e0
9.300000000000e0,1.072680507943e1,1.412765854817e0
9.350000000000e0,1.101219159532e1,1.462135771764e0
9.400000000000e0,1.129358107551e1,1.515377596342e0
9.450000000000e0,1.156936157150e1,1.572748453787e0
9.500000000000e0,1.183777016660e1,1.634514772029e0
9.550000000000e0,1.209689305023e1,1.700950019725e0
9.600000000000e0,1.234466896990e1,1.772331676022e0
9.650000000000e0,1.257889683560e1,1.848937306614e0
9.700000000000e0,1.279724830251e1,1.931039621515e0
9.750000000000e0,1.299728617544e1,2.018900399478e0
9.800000000000e0,1.317648944718e1,2.112763185349e0
9.850000000000e0,1.333228568631e1,2.212844703008e0
9.900000000000e0,1.346209130833e1,2.319324981173e0
9.950000000000e0,1.356335998182e1,2.432336264854e0
